{"cameraMode":{"drawMode":0,"name":"Shaded","section":"Shading Mode"},"sceneLighting":true,"audioPlay":false,"sceneViewState":{"m_AlwaysRefresh":false,"showFog":false,"showSkybox":true,"showFlares":true,"showImageEffects":true,"showParticleSystems":true,"showVisualEffectGraphs":true,"m_FxEnabled":true},"in2DMode":false,"pivot":{"x":229.71168518066407,"y":171.08714294433595,"z":386.9605407714844},"rotation":{"x":0.010288968682289124,"y":-0.9874881505966187,"z":0.07302241027355194,"w":0.1392679661512375},"size":4.724260330200195,"orthographic":false}